{"is_source_file": false, "format": "", "description": "", "external_files": [], "external_methods": [], "published": [], "classes": [], "methods": [], "calls": [], "search-terms": [], "state": 2, "file_id": 12, "knowledge_revision": 21, "git_revision": "f6006fd9721b9f01977e220536c87750daf540fe", "hash": "b3a2f224fe3f1555730df8f03c06525d", "format-version": 4, "code-base-name": "tic_tac_toe_frontend", "filename": "README.md", "revision_history": [{"21": "f6006fd9721b9f01977e220536c87750daf540fe"}]}