{"is_source_file": false, "format": "", "description": "", "external_files": [], "external_methods": [], "published": [], "classes": [], "methods": [], "calls": [], "search-terms": [], "state": 2, "file_id": 4, "knowledge_revision": 27, "git_revision": "f44f43b47811d057767d2aa8b68fdd278621cad5", "hash": "63a0edd5d0de889570ae10e203fe45c0", "format-version": 4, "code-base-name": "tic_tac_toe_frontend", "filename": "tic_tac_toe_frontend/src/App.css", "revision_history": [{"27": "f44f43b47811d057767d2aa8b68fdd278621cad5"}]}