{"is_source_file": true, "format": "JavaScript", "description": "This file is the entry point for a React application, responsible for rendering the main App component into the DOM.", "external_files": ["./App", "./index.css"], "external_methods": ["ReactDOM.createRoot", "ReactDOM.createRoot().render"], "published": [], "classes": [], "methods": [{"name": "root.render", "description": "Renders the React application wrapped in StrictMode into the DOM."}], "calls": ["ReactDOM.createRoot", "root.render", "React.StrictMode", "App"], "search-terms": ["index.js", "ReactDOM", "React", "App", "entry point"], "state": 2, "file_id": 5, "knowledge_revision": 24, "git_revision": "f44f43b47811d057767d2aa8b68fdd278621cad5", "ctags": [{"_type": "tag", "name": "root", "path": "/home/kavia/workspace/code-generation/tic-tac-toe-classic-320911-320920/tic_tac_toe_frontend/src/index.js", "pattern": "/^const root = ReactDOM.createRoot(document.getElementById('root'));$/", "language": "JavaScript", "kind": "constant"}], "hash": "9fc5841375336fc175b49f8767a11383", "format-version": 4, "code-base-name": "tic_tac_toe_frontend", "filename": "tic_tac_toe_frontend/src/index.js", "revision_history": [{"24": "f44f43b47811d057767d2aa8b68fdd278621cad5"}]}