{"is_source_file": false, "format": "", "description": "", "external_files": [], "external_methods": [], "published": [], "classes": [], "methods": [], "calls": [], "search-terms": [], "state": 2, "file_id": 7, "knowledge_revision": 22, "git_revision": "f44f43b47811d057767d2aa8b68fdd278621cad5", "ctags": [], "hash": "1a77571e1a8cf36018a41bcedf60db75", "format-version": 4, "code-base-name": "tic_tac_toe_frontend", "filename": "tic_tac_toe_frontend/src/setupTests.js", "revision_history": [{"22": "f44f43b47811d057767d2aa8b68fdd278621cad5"}]}