{"is_source_file": false, "format": "", "description": "", "external_files": [], "external_methods": [], "published": [], "classes": [], "methods": [], "calls": [], "search-terms": [], "state": 2, "file_id": 6, "knowledge_revision": 28, "git_revision": "f44f43b47811d057767d2aa8b68fdd278621cad5", "hash": "06863b05a145ff72c3cdfeb29775fbb1", "format-version": 4, "code-base-name": "tic_tac_toe_frontend", "filename": "tic_tac_toe_frontend/src/index.css", "revision_history": [{"28": "f44f43b47811d057767d2aa8b68fdd278621cad5"}]}