{"is_source_file": true, "format": "JavaScript (React JSX)", "description": "This file defines a React component for a classic Tic Tac Toe game, including game logic, UI rendering, and interaction handling.", "external_files": ["react", "./App.css"], "external_methods": ["React.useState", "React.useEffect", "React.useMemo"], "published": ["App"], "classes": [], "methods": [{"name": "calculateWinner(squares)", "description": "Computes the game winner given the current board state.", "scope": "", "scopeKind": ""}, {"name": "isDraw(squares, winner)", "description": "Determines if the game is a draw based on the current board state and winner.", "scope": "", "scopeKind": ""}, {"name": "App()", "description": "React functional component managing the Tic Tac Toe game UI and logic.", "scope": "", "scopeKind": ""}, {"name": "handleSquareClick(index)", "description": "Handles user clicks on a game square, updating game state accordingly.", "scope": "App", "scopeKind": "function"}, {"name": "restartGame()", "description": "Resets the game to initial state for a new game.", "scope": "App", "scopeKind": "function"}], "calls": ["calculateWinner(squares)", "isDraw(squares, winner)", "setSquares", "setXIsNext", "document.documentElement.setAttribute", "useMemo(() => calculateWinner(squares), [squares])", "useMemo(() => isDraw(squares, winner), [squares, winner])"], "search-terms": ["React Tic Tac Toe", "calculateWinner", "game state management", "React hooks", "board rendering", "JSX game UI", "restart game"], "state": 2, "file_id": 8, "knowledge_revision": 26, "git_revision": "f44f43b47811d057767d2aa8b68fdd278621cad5", "revision_history": [{"25": "f44f43b47811d057767d2aa8b68fdd278621cad5"}, {"26": "f44f43b47811d057767d2aa8b68fdd278621cad5"}], "ctags": [{"_type": "tag", "name": "App", "path": "/home/kavia/workspace/code-generation/tic-tac-toe-classic-320911-320920/tic_tac_toe_frontend/src/App.js", "pattern": "/^function App() {$/", "language": "JavaScript", "kind": "function", "signature": "()"}, {"_type": "tag", "name": "O", "path": "/home/kavia/workspace/code-generation/tic-tac-toe-classic-320911-320920/tic_tac_toe_frontend/src/App.js", "pattern": "/^  O: \"O\",$/", "language": "JavaScript", "kind": "property", "scope": "PLAYERS", "scopeKind": "class"}, {"_type": "tag", "name": "PLAYERS", "path": "/home/kavia/workspace/code-generation/tic-tac-toe-classic-320911-320920/tic_tac_toe_frontend/src/App.js", "pattern": "/^const PLAYERS = {$/", "language": "JavaScript", "kind": "class"}, {"_type": "tag", "name": "WIN_LINES", "path": "/home/kavia/workspace/code-generation/tic-tac-toe-classic-320911-320920/tic_tac_toe_frontend/src/App.js", "pattern": "/^const WIN_LINES = [$/", "language": "JavaScript", "kind": "constant"}, {"_type": "tag", "name": "X", "path": "/home/kavia/workspace/code-generation/tic-tac-toe-classic-320911-320920/tic_tac_toe_frontend/src/App.js", "pattern": "/^  X: \"X\",$/", "language": "JavaScript", "kind": "property", "scope": "PLAYERS", "scopeKind": "class"}, {"_type": "tag", "name": "calculateWinner", "path": "/home/kavia/workspace/code-generation/tic-tac-toe-classic-320911-320920/tic_tac_toe_frontend/src/App.js", "pattern": "/^function calculateWinner(squares) {$/", "language": "JavaScript", "kind": "function", "signature": "(squares)"}, {"_type": "tag", "name": "handleSquareClick", "path": "/home/kavia/workspace/code-generation/tic-tac-toe-classic-320911-320920/tic_tac_toe_frontend/src/App.js", "pattern": "/^  function handleSquareClick(index) {$/", "language": "JavaScript", "kind": "function", "signature": "(index)", "scope": "App", "scopeKind": "function"}, {"_type": "tag", "name": "isDraw", "path": "/home/kavia/workspace/code-generation/tic-tac-toe-classic-320911-320920/tic_tac_toe_frontend/src/App.js", "pattern": "/^function isDraw(squares, winner) {$/", "language": "JavaScript", "kind": "function", "signature": "(squares, winner)"}, {"_type": "tag", "name": "restartGame", "path": "/home/kavia/workspace/code-generation/tic-tac-toe-classic-320911-320920/tic_tac_toe_frontend/src/App.js", "pattern": "/^  function restartGame() {$/", "language": "JavaScript", "kind": "function", "signature": "()", "scope": "App", "scopeKind": "function"}], "hash": "3fb8bd3099e818639379789568729b38", "format-version": 4, "code-base-name": "tic_tac_toe_frontend", "filename": "tic_tac_toe_frontend/src/App.js", "fields": [{"name": "O: \"O\",", "scope": "PLAYERS", "scopeKind": "class", "description": "unavailable"}, {"name": "X: \"X\",", "scope": "PLAYERS", "scopeKind": "class", "description": "unavailable"}]}